{"h#": 94.85201401050789, "q": 31.400702987697716, "iy": 47.91743444365698, "v": 30.239808153477217, "ih": 39.308547336144116, "n": 27.51833803539369, "eh": 47.28613861386139, "ix": 25.712087912087913, "f": 51.79547169811321, "sh": 58.84526854219949, "tcl": 26.185407725321888, "t": 24.859649122807017, "uh": 38.07565789473684, "kcl": 29.899263851220457, "k": 26.231877914370497, "w": 30.187772925764193, "ah": 45.255349500713265, "s": 56.46633740577073, "pcl": 34.78191814294441, "ow": 64.3406374501992, "dcl": 25.283594063377457, "d": 12.347826086956522, "hh": 33.09827586206897, "ae": 68.74930362116991, "ch": 44.036750483559, "epi": 21.75375939849624, "axr": 38.73029315960912, "ao": 61.353803849679196, "r": 28.682780522230065, "bcl": 31.75871080139373, "b": 8.830781010719756, "aa": 61.74055595153243, "ax": 24.247445579742337, "em": 39.8, "ng": 30.76158038147139, "gcl": 27.31, "g": 13.697421981004071, "hv": 35.866962305986696, "m": 32.522346368715084, "ay": 78.1728813559322, "th": 46.369710467706014, "ax-h": 17.078703703703702, "ey": 63.344727272727276, "l": 30.627663416395812, "dh": 17.945417789757414, "p": 22.481552162849873, "dx": 14.452318460192476, "aw": 81.2742980561555, "er": 60.57670979667283, "nx": 14.309133489461358, "z": 42.2167334223409, "jh": 30.67624810892587, "el": 44.644067796610166, "uw": 53.229607250755286, "ux": 50.73565804274466, "oy": 82.72340425531915, "y": 28.03257328990228, "en": 39.45923913043478, "pau": 92.6096654275093, "zh": 41.73913043478261, "eng": 36.72222222222222, "total": 34.75841346153847}